{"min":[-3.999512,-3.996582,-3.996582],"max":[3.996582,3.999512,3.999512]}