{"std":[37.4442252733,0.576903305,0.4440822429,0.5458701424],"mean":[28.2365876393,0.1330329946,-0.0111754046,0.641132263]}