{"std":[37.4726948414,0.5668747745,0.4292762528,0.5470030048],"mean":[28.392496191,0.1113913954,-0.0082839365,0.6383515595]}