{"std":[36.8171796245,3.3611146182,3.7431392201,2.9601447538],"mean":[29.2490498852,0.2493797737,0.1694670886,0.8277047229]}