{"std":[50.269765716,0.5404977328,0.4449295914,0.5419067416],"mean":[35.424024693,0.0042124544,0.0233134238,0.6885960079]}